{"cameraMode":{"drawMode":0,"name":"Shaded","section":"Shading Mode"},"sceneLighting":false,"audioPlay":false,"sceneViewState":{"m_AlwaysRefresh":false,"showFog":true,"showSkybox":false,"showFlares":true,"showImageEffects":true,"showParticleSystems":true,"showVisualEffectGraphs":true,"m_FxEnabled":true},"in2DMode":false,"pivot":{"x":0.3990499973297119,"y":0.4996223449707031,"z":2.015617609024048},"rotation":{"x":-0.07836950570344925,"y":0.9209200143814087,"z":-0.2504163086414337,"w":-0.28821468353271487},"size":2.5226640701293947,"orthographic":false}