{"cameraMode":{"drawMode":0,"name":"Shaded","section":"Shading Mode"},"sceneLighting":false,"audioPlay":false,"sceneViewState":{"m_AlwaysRefresh":false,"showFog":true,"showSkybox":false,"showFlares":true,"showImageEffects":true,"showParticleSystems":true,"showVisualEffectGraphs":true,"m_FxEnabled":true},"in2DMode":false,"pivot":{"x":1.8986636400222779,"y":5.437839031219482,"z":-13.354312896728516},"rotation":{"x":-0.2362419217824936,"y":0.0058196112513542179,"z":-0.0014161093859001995,"w":-0.9716807007789612},"size":3.052028179168701,"orthographic":false}